[{"model": "dfp.country", "pk": 2, "fields": {"name": "Afghanistan", "code": "AF"}}, {"model": "dfp.country", "pk": 3, "fields": {"name": "Albania", "code": "AL"}}, {"model": "dfp.country", "pk": 4, "fields": {"name": "Antarctica", "code": "AQ"}}, {"model": "dfp.country", "pk": 5, "fields": {"name": "Algeria", "code": "DZ"}}, {"model": "dfp.country", "pk": 6, "fields": {"name": "American Samoa", "code": "AS"}}, {"model": "dfp.country", "pk": 7, "fields": {"name": "Andorra", "code": "AD"}}, {"model": "dfp.country", "pk": 8, "fields": {"name": "Angola", "code": "AO"}}, {"model": "dfp.country", "pk": 9, "fields": {"name": "Antigua and Barbuda", "code": "AG"}}, {"model": "dfp.country", "pk": 10, "fields": {"name": "Azerbaijan", "code": "AZ"}}, {"model": "dfp.country", "pk": 11, "fields": {"name": "Argentina", "code": "AR"}}, {"model": "dfp.country", "pk": 12, "fields": {"name": "Australia", "code": "AU"}}, {"model": "dfp.country", "pk": 13, "fields": {"name": "Austria", "code": "AT"}}, {"model": "dfp.country", "pk": 14, "fields": {"name": "The Bahamas", "code": "BS"}}, {"model": "dfp.country", "pk": 15, "fields": {"name": "Bahrain", "code": "BH"}}, {"model": "dfp.country", "pk": 16, "fields": {"name": "Bangladesh", "code": "BD"}}, {"model": "dfp.country", "pk": 17, "fields": {"name": "Armenia", "code": "AM"}}, {"model": "dfp.country", "pk": 18, "fields": {"name": "Barbados", "code": "BB"}}, {"model": "dfp.country", "pk": 19, "fields": {"name": "Belgium", "code": "BE"}}, {"model": "dfp.country", "pk": 20, "fields": {"name": "Bhutan", "code": "BT"}}, {"model": "dfp.country", "pk": 21, "fields": {"name": "Bolivia", "code": "BO"}}, {"model": "dfp.country", "pk": 22, "fields": {"name": "Bosnia and Herzegovina", "code": "BA"}}, {"model": "dfp.country", "pk": 23, "fields": {"name": "Botswana", "code": "BW"}}, {"model": "dfp.country", "pk": 24, "fields": {"name": "Brazil", "code": "BR"}}, {"model": "dfp.country", "pk": 25, "fields": {"name": "Belize", "code": "BZ"}}, {"model": "dfp.country", "pk": 26, "fields": {"name": "Solomon Islands", "code": "SB"}}, {"model": "dfp.country", "pk": 27, "fields": {"name": "Brunei", "code": "BN"}}, {"model": "dfp.country", "pk": 28, "fields": {"name": "Bulgaria", "code": "BG"}}, {"model": "dfp.country", "pk": 29, "fields": {"name": "Myanmar (Burma)", "code": "MM"}}, {"model": "dfp.country", "pk": 30, "fields": {"name": "Burundi", "code": "BI"}}, {"model": "dfp.country", "pk": 31, "fields": {"name": "Belarus", "code": "BY"}}, {"model": "dfp.country", "pk": 32, "fields": {"name": "Cambodia", "code": "KH"}}, {"model": "dfp.country", "pk": 33, "fields": {"name": "Cameroon", "code": "CM"}}, {"model": "dfp.country", "pk": 34, "fields": {"name": "Canada", "code": "CA"}}, {"model": "dfp.country", "pk": 35, "fields": {"name": "Cape Verde", "code": "CV"}}, {"model": "dfp.country", "pk": 36, "fields": {"name": "Central African Republic", "code": "CF"}}, {"model": "dfp.country", "pk": 37, "fields": {"name": "Sri Lanka", "code": "LK"}}, {"model": "dfp.country", "pk": 38, "fields": {"name": "Chad", "code": "TD"}}, {"model": "dfp.country", "pk": 39, "fields": {"name": "Chile", "code": "CL"}}, {"model": "dfp.country", "pk": 40, "fields": {"name": "China", "code": "CN"}}, {"model": "dfp.country", "pk": 41, "fields": {"name": "Christmas Island", "code": "CX"}}, {"model": "dfp.country", "pk": 42, "fields": {"name": "Cocos (Keeling) Islands", "code": "CC"}}, {"model": "dfp.country", "pk": 43, "fields": {"name": "Colombia", "code": "CO"}}, {"model": "dfp.country", "pk": 44, "fields": {"name": "Comoros", "code": "KM"}}, {"model": "dfp.country", "pk": 45, "fields": {"name": "Republic of the Congo", "code": "CG"}}, {"model": "dfp.country", "pk": 46, "fields": {"name": "Democratic Republic of the Congo", "code": "CD"}}, {"model": "dfp.country", "pk": 47, "fields": {"name": "Cook Islands", "code": "CK"}}, {"model": "dfp.country", "pk": 48, "fields": {"name": "Costa Rica", "code": "CR"}}, {"model": "dfp.country", "pk": 49, "fields": {"name": "Croatia", "code": "HR"}}, {"model": "dfp.country", "pk": 50, "fields": {"name": "Cyprus", "code": "CY"}}, {"model": "dfp.country", "pk": 51, "fields": {"name": "Czech Republic", "code": "CZ"}}, {"model": "dfp.country", "pk": 52, "fields": {"name": "Benin", "code": "BJ"}}, {"model": "dfp.country", "pk": 53, "fields": {"name": "Denmark", "code": "DK"}}, {"model": "dfp.country", "pk": 54, "fields": {"name": "Dominica", "code": "DM"}}, {"model": "dfp.country", "pk": 55, "fields": {"name": "Dominican Republic", "code": "DO"}}, {"model": "dfp.country", "pk": 56, "fields": {"name": "Ecuador", "code": "EC"}}, {"model": "dfp.country", "pk": 57, "fields": {"name": "El Salvador", "code": "SV"}}, {"model": "dfp.country", "pk": 58, "fields": {"name": "Equatorial Guinea", "code": "GQ"}}, {"model": "dfp.country", "pk": 59, "fields": {"name": "Ethiopia", "code": "ET"}}, {"model": "dfp.country", "pk": 60, "fields": {"name": "Eritrea", "code": "ER"}}, {"model": "dfp.country", "pk": 61, "fields": {"name": "Estonia", "code": "EE"}}, {"model": "dfp.country", "pk": 62, "fields": {"name": "South Georgia and the South Sandwich Islands", "code": "GS"}}, {"model": "dfp.country", "pk": 63, "fields": {"name": "Fiji", "code": "FJ"}}, {"model": "dfp.country", "pk": 64, "fields": {"name": "Finland", "code": "FI"}}, {"model": "dfp.country", "pk": 65, "fields": {"name": "France", "code": "FR"}}, {"model": "dfp.country", "pk": 66, "fields": {"name": "French Polynesia", "code": "PF"}}, {"model": "dfp.country", "pk": 67, "fields": {"name": "French Southern and Antarctic Lands", "code": "TF"}}, {"model": "dfp.country", "pk": 68, "fields": {"name": "Djibouti", "code": "DJ"}}, {"model": "dfp.country", "pk": 69, "fields": {"name": "Gabon", "code": "GA"}}, {"model": "dfp.country", "pk": 70, "fields": {"name": "Georgia", "code": "GE"}}, {"model": "dfp.country", "pk": 71, "fields": {"name": "The Gambia", "code": "GM"}}, {"model": "dfp.country", "pk": 72, "fields": {"name": "Germany", "code": "DE"}}, {"model": "dfp.country", "pk": 73, "fields": {"name": "Ghana", "code": "GH"}}, {"model": "dfp.country", "pk": 74, "fields": {"name": "Kiribati", "code": "KI"}}, {"model": "dfp.country", "pk": 75, "fields": {"name": "Greece", "code": "GR"}}, {"model": "dfp.country", "pk": 76, "fields": {"name": "Grenada", "code": "GD"}}, {"model": "dfp.country", "pk": 77, "fields": {"name": "Guam", "code": "GU"}}, {"model": "dfp.country", "pk": 78, "fields": {"name": "Guatemala", "code": "GT"}}, {"model": "dfp.country", "pk": 79, "fields": {"name": "Guinea", "code": "GN"}}, {"model": "dfp.country", "pk": 80, "fields": {"name": "Guyana", "code": "GY"}}, {"model": "dfp.country", "pk": 81, "fields": {"name": "Haiti", "code": "HT"}}, {"model": "dfp.country", "pk": 82, "fields": {"name": "Heard Island and McDonald Islands", "code": "HM"}}, {"model": "dfp.country", "pk": 83, "fields": {"name": "Vatican City", "code": "VA"}}, {"model": "dfp.country", "pk": 84, "fields": {"name": "Honduras", "code": "HN"}}, {"model": "dfp.country", "pk": 85, "fields": {"name": "Hungary", "code": "HU"}}, {"model": "dfp.country", "pk": 86, "fields": {"name": "Iceland", "code": "IS"}}, {"model": "dfp.country", "pk": 87, "fields": {"name": "India", "code": "IN"}}, {"model": "dfp.country", "pk": 88, "fields": {"name": "Indonesia", "code": "ID"}}, {"model": "dfp.country", "pk": 89, "fields": {"name": "Iraq", "code": "IQ"}}, {"model": "dfp.country", "pk": 90, "fields": {"name": "Ireland", "code": "IE"}}, {"model": "dfp.country", "pk": 91, "fields": {"name": "Israel", "code": "IL"}}, {"model": "dfp.country", "pk": 92, "fields": {"name": "Italy", "code": "IT"}}, {"model": "dfp.country", "pk": 93, "fields": {"name": "Cote d'Ivoire\"", "code": "CI"}}, {"model": "dfp.country", "pk": 94, "fields": {"name": "Jamaica", "code": "JM"}}, {"model": "dfp.country", "pk": 95, "fields": {"name": "Japan", "code": "JP"}}, {"model": "dfp.country", "pk": 96, "fields": {"name": "Kazakhstan", "code": "KZ"}}, {"model": "dfp.country", "pk": 97, "fields": {"name": "Jordan", "code": "JO"}}, {"model": "dfp.country", "pk": 98, "fields": {"name": "Kenya", "code": "KE"}}, {"model": "dfp.country", "pk": 99, "fields": {"name": "South Korea", "code": "KR"}}, {"model": "dfp.country", "pk": 100, "fields": {"name": "Kuwait", "code": "KW"}}, {"model": "dfp.country", "pk": 101, "fields": {"name": "Kyrgyzstan", "code": "KG"}}, {"model": "dfp.country", "pk": 102, "fields": {"name": "Laos", "code": "LA"}}, {"model": "dfp.country", "pk": 103, "fields": {"name": "Lebanon", "code": "LB"}}, {"model": "dfp.country", "pk": 104, "fields": {"name": "Lesotho", "code": "LS"}}, {"model": "dfp.country", "pk": 105, "fields": {"name": "Latvia", "code": "LV"}}, {"model": "dfp.country", "pk": 106, "fields": {"name": "Liberia", "code": "LR"}}, {"model": "dfp.country", "pk": 107, "fields": {"name": "Libya", "code": "LY"}}, {"model": "dfp.country", "pk": 108, "fields": {"name": "Liechtenstein", "code": "LI"}}, {"model": "dfp.country", "pk": 109, "fields": {"name": "Lithuania", "code": "LT"}}, {"model": "dfp.country", "pk": 110, "fields": {"name": "Luxembourg", "code": "LU"}}, {"model": "dfp.country", "pk": 111, "fields": {"name": "Madagascar", "code": "MG"}}, {"model": "dfp.country", "pk": 112, "fields": {"name": "Malawi", "code": "MW"}}, {"model": "dfp.country", "pk": 113, "fields": {"name": "Malaysia", "code": "MY"}}, {"model": "dfp.country", "pk": 114, "fields": {"name": "Maldives", "code": "MV"}}, {"model": "dfp.country", "pk": 115, "fields": {"name": "Mali", "code": "ML"}}, {"model": "dfp.country", "pk": 116, "fields": {"name": "Malta", "code": "MT"}}, {"model": "dfp.country", "pk": 117, "fields": {"name": "Mauritania", "code": "MR"}}, {"model": "dfp.country", "pk": 118, "fields": {"name": "Mauritius", "code": "MU"}}, {"model": "dfp.country", "pk": 119, "fields": {"name": "Mexico", "code": "MX"}}, {"model": "dfp.country", "pk": 120, "fields": {"name": "Monaco", "code": "MC"}}, {"model": "dfp.country", "pk": 121, "fields": {"name": "Mongolia", "code": "MN"}}, {"model": "dfp.country", "pk": 122, "fields": {"name": "Moldova", "code": "MD"}}, {"model": "dfp.country", "pk": 123, "fields": {"name": "Montenegro", "code": "ME"}}, {"model": "dfp.country", "pk": 124, "fields": {"name": "Morocco", "code": "MA"}}, {"model": "dfp.country", "pk": 125, "fields": {"name": "Mozambique", "code": "MZ"}}, {"model": "dfp.country", "pk": 126, "fields": {"name": "Oman", "code": "OM"}}, {"model": "dfp.country", "pk": 127, "fields": {"name": "Namibia", "code": "NA"}}, {"model": "dfp.country", "pk": 128, "fields": {"name": "Nauru", "code": "NR"}}, {"model": "dfp.country", "pk": 129, "fields": {"name": "Nepal", "code": "NP"}}, {"model": "dfp.country", "pk": 130, "fields": {"name": "Netherlands", "code": "NL"}}, {"model": "dfp.country", "pk": 131, "fields": {"name": "New Caledonia", "code": "NC"}}, {"model": "dfp.country", "pk": 132, "fields": {"name": "Vanuatu", "code": "VU"}}, {"model": "dfp.country", "pk": 133, "fields": {"name": "New Zealand", "code": "NZ"}}, {"model": "dfp.country", "pk": 134, "fields": {"name": "Nicaragua", "code": "NI"}}, {"model": "dfp.country", "pk": 135, "fields": {"name": "Niger", "code": "NE"}}, {"model": "dfp.country", "pk": 136, "fields": {"name": "Nigeria", "code": "NG"}}, {"model": "dfp.country", "pk": 137, "fields": {"name": "Niue", "code": "NU"}}, {"model": "dfp.country", "pk": 138, "fields": {"name": "Norfolk Island", "code": "NF"}}, {"model": "dfp.country", "pk": 139, "fields": {"name": "Norway", "code": "NO"}}, {"model": "dfp.country", "pk": 140, "fields": {"name": "Northern Mariana Islands", "code": "MP"}}, {"model": "dfp.country", "pk": 141, "fields": {"name": "United States Minor Outlying Islands", "code": "UM"}}, {"model": "dfp.country", "pk": 142, "fields": {"name": "Federated States of Micronesia", "code": "FM"}}, {"model": "dfp.country", "pk": 143, "fields": {"name": "Marshall Islands", "code": "MH"}}, {"model": "dfp.country", "pk": 144, "fields": {"name": "Palau", "code": "PW"}}, {"model": "dfp.country", "pk": 145, "fields": {"name": "Pakistan", "code": "PK"}}, {"model": "dfp.country", "pk": 146, "fields": {"name": "Panama", "code": "PA"}}, {"model": "dfp.country", "pk": 147, "fields": {"name": "Papua New Guinea", "code": "PG"}}, {"model": "dfp.country", "pk": 148, "fields": {"name": "Paraguay", "code": "PY"}}, {"model": "dfp.country", "pk": 149, "fields": {"name": "Peru", "code": "PE"}}, {"model": "dfp.country", "pk": 150, "fields": {"name": "Philippines", "code": "PH"}}, {"model": "dfp.country", "pk": 151, "fields": {"name": "Pitcairn Islands", "code": "PN"}}, {"model": "dfp.country", "pk": 152, "fields": {"name": "Poland", "code": "PL"}}, {"model": "dfp.country", "pk": 153, "fields": {"name": "Portugal", "code": "PT"}}, {"model": "dfp.country", "pk": 154, "fields": {"name": "Guinea-Bissau", "code": "GW"}}, {"model": "dfp.country", "pk": 155, "fields": {"name": "Timor-Leste", "code": "TL"}}, {"model": "dfp.country", "pk": 156, "fields": {"name": "Qatar", "code": "QA"}}, {"model": "dfp.country", "pk": 157, "fields": {"name": "Romania", "code": "RO"}}, {"model": "dfp.country", "pk": 158, "fields": {"name": "Russia", "code": "RU"}}, {"model": "dfp.country", "pk": 159, "fields": {"name": "Rwanda", "code": "RW"}}, {"model": "dfp.country", "pk": 160, "fields": {"name": "Saint Helena, Ascension and Tristan da Cunha", "code": "SH"}}, {"model": "dfp.country", "pk": 161, "fields": {"name": "Saint Kitts and Nevis", "code": "KN"}}, {"model": "dfp.country", "pk": 162, "fields": {"name": "Saint Lucia", "code": "LC"}}, {"model": "dfp.country", "pk": 163, "fields": {"name": "Saint Pierre and Miquelon", "code": "PM"}}, {"model": "dfp.country", "pk": 164, "fields": {"name": "Saint Vincent and the Grenadines", "code": "VC"}}, {"model": "dfp.country", "pk": 165, "fields": {"name": "San Marino", "code": "SM"}}, {"model": "dfp.country", "pk": 166, "fields": {"name": "Sao Tome and Principe", "code": "ST"}}, {"model": "dfp.country", "pk": 167, "fields": {"name": "Saudi Arabia", "code": "SA"}}, {"model": "dfp.country", "pk": 168, "fields": {"name": "Senegal", "code": "SN"}}, {"model": "dfp.country", "pk": 169, "fields": {"name": "Serbia", "code": "RS"}}, {"model": "dfp.country", "pk": 170, "fields": {"name": "Seychelles", "code": "SC"}}, {"model": "dfp.country", "pk": 171, "fields": {"name": "Sierra Leone", "code": "SL"}}, {"model": "dfp.country", "pk": 172, "fields": {"name": "Singapore", "code": "SG"}}, {"model": "dfp.country", "pk": 173, "fields": {"name": "Slovakia", "code": "SK"}}, {"model": "dfp.country", "pk": 174, "fields": {"name": "Vietnam", "code": "VN"}}, {"model": "dfp.country", "pk": 175, "fields": {"name": "Slovenia", "code": "SI"}}, {"model": "dfp.country", "pk": 176, "fields": {"name": "Somalia", "code": "SO"}}, {"model": "dfp.country", "pk": 177, "fields": {"name": "South Africa", "code": "ZA"}}, {"model": "dfp.country", "pk": 178, "fields": {"name": "Zimbabwe", "code": "ZW"}}, {"model": "dfp.country", "pk": 179, "fields": {"name": "Spain", "code": "ES"}}, {"model": "dfp.country", "pk": 180, "fields": {"name": "Suriname", "code": "SR"}}, {"model": "dfp.country", "pk": 181, "fields": {"name": "Swaziland", "code": "SZ"}}, {"model": "dfp.country", "pk": 182, "fields": {"name": "Sweden", "code": "SE"}}, {"model": "dfp.country", "pk": 183, "fields": {"name": "Switzerland", "code": "CH"}}, {"model": "dfp.country", "pk": 184, "fields": {"name": "Tajikistan", "code": "TJ"}}, {"model": "dfp.country", "pk": 185, "fields": {"name": "Thailand", "code": "TH"}}, {"model": "dfp.country", "pk": 186, "fields": {"name": "Togo", "code": "TG"}}, {"model": "dfp.country", "pk": 187, "fields": {"name": "Tokelau", "code": "TK"}}, {"model": "dfp.country", "pk": 188, "fields": {"name": "Tonga", "code": "TO"}}, {"model": "dfp.country", "pk": 189, "fields": {"name": "Trinidad and Tobago", "code": "TT"}}, {"model": "dfp.country", "pk": 190, "fields": {"name": "United Arab Emirates", "code": "AE"}}, {"model": "dfp.country", "pk": 191, "fields": {"name": "Tunisia", "code": "TN"}}, {"model": "dfp.country", "pk": 192, "fields": {"name": "Turkey", "code": "TR"}}, {"model": "dfp.country", "pk": 193, "fields": {"name": "Turkmenistan", "code": "TM"}}, {"model": "dfp.country", "pk": 194, "fields": {"name": "Tuvalu", "code": "TV"}}, {"model": "dfp.country", "pk": 195, "fields": {"name": "Uganda", "code": "UG"}}, {"model": "dfp.country", "pk": 196, "fields": {"name": "Ukraine", "code": "UA"}}, {"model": "dfp.country", "pk": 197, "fields": {"name": "Macedonia (FYROM)", "code": "MK"}}, {"model": "dfp.country", "pk": 198, "fields": {"name": "Egypt", "code": "EG"}}, {"model": "dfp.country", "pk": 199, "fields": {"name": "United Kingdom", "code": "GB"}}, {"model": "dfp.country", "pk": 200, "fields": {"name": "Tanzania", "code": "TZ"}}, {"model": "dfp.country", "pk": 201, "fields": {"name": "United States", "code": "US"}}, {"model": "dfp.country", "pk": 202, "fields": {"name": "Burkina Faso", "code": "BF"}}, {"model": "dfp.country", "pk": 203, "fields": {"name": "Uruguay", "code": "UY"}}, {"model": "dfp.country", "pk": 204, "fields": {"name": "Uzbekistan", "code": "UZ"}}, {"model": "dfp.country", "pk": 205, "fields": {"name": "Venezuela", "code": "VE"}}, {"model": "dfp.country", "pk": 206, "fields": {"name": "Wallis and Futuna", "code": "WF"}}, {"model": "dfp.country", "pk": 207, "fields": {"name": "Samoa", "code": "WS"}}, {"model": "dfp.country", "pk": 208, "fields": {"name": "Yemen", "code": "YE"}}, {"model": "dfp.country", "pk": 209, "fields": {"name": "Zambia", "code": "ZM"}}, {"model": "dfp.dimesioncategory", "pk": 1, "fields": {"name": "Geography"}}, {"model": "dfp.dimesioncategory", "pk": 2, "fields": {"name": "Delivery"}}, {"model": "dfp.dimesioncategory", "pk": 3, "fields": {"name": "Inventory"}}, {"model": "dfp.dimesioncategory", "pk": 4, "fields": {"name": "Time Unit"}}, {"model": "dfp.dimesioncategory", "pk": 5, "fields": {"name": "Platform"}}, {"model": "dfp.dimension", "pk": 1, "fields": {"name": "Line Item", "code": "LINE_ITEM_NAME", "category": 2}}, {"model": "dfp.dimension", "pk": 2, "fields": {"name": "Order", "code": "ORDER_NAME", "category": 2}}, {"model": "dfp.dimension", "pk": 3, "fields": {"name": "Advertiser", "code": "ADVERTISER_NAME", "category": 2}}, {"model": "dfp.dimension", "pk": 5, "fields": {"name": "Ad Unit", "code": "AD_UNIT_NAME", "category": 3}}, {"model": "dfp.dimension", "pk": 6, "fields": {"name": "Country", "code": "COUNTRY_NAME", "category": 1}}, {"model": "dfp.dimension", "pk": 8, "fields": {"name": "City", "code": "CITY_NAME", "category": 1}}, {"model": "dfp.dimension", "pk": 9, "fields": {"name": "Creative", "code": "CREATIVE_NAME", "category": 2}}, {"model": "dfp.dimension", "pk": 10, "fields": {"name": "Creative Size", "code": "CREATIVE_SIZE", "category": 2}}, {"model": "dfp.dimension", "pk": 11, "fields": {"name": "Creative Type", "code": "CREATIVE_TYPE", "category": 2}}, {"model": "dfp.dimension", "pk": 12, "fields": {"name": "Line Item Type", "code": "LINE_ITEM_TYPE", "category": 2}}, {"model": "dfp.dimension", "pk": 13, "fields": {"name": "Placement", "code": "PLACEMENT_NAME", "category": 3}}, {"model": "dfp.dimension", "pk": 14, "fields": {"name": "Device Category", "code": "DEVICE_CATEGORY_NAME", "category": 5}}, {"model": "dfp.dimension", "pk": 15, "fields": {"name": "Week", "code": "WEEK", "category": 4}}, {"model": "dfp.dimension", "pk": 16, "fields": {"name": "Day", "code": "DAY", "category": 4}}, {"model": "dfp.dimension", "pk": 17, "fields": {"name": "Hour", "code": "HOUR", "category": 4}}, {"model": "dfp.dimension", "pk": 18, "fields": {"name": "Date", "code": "DATE", "category": 4}}, {"model": "dfp.dimension", "pk": 19, "fields": {"name": "Month and Year", "code": "MONTH_AND_YEAR", "category": 4}}, {"model": "dfp.metric", "pk": 1, "fields": {"name": "Ad Server Impressions", "code": "AD_SERVER_IMPRESSIONS"}}, {"model": "dfp.metric", "pk": 2, "fields": {"name": "Ad Server Targeted Impressions", "code": "AD_SERVER_TARGETED_IMPRESSIONS"}}, {"model": "dfp.metric", "pk": 3, "fields": {"name": "Ad Server Clicks", "code": "AD_SERVER_CLICKS"}}]